Rk,Player,Pos,Age,Tm,G,GS,MP,FG,FGA,FG%,3P,3PA,3P%,2P,2PA,2P%,eFG%,FT,FTA,FT%,ORB,DRB,TRB,AST,STL,BLK,TOV,PF,PTS▼,Player-additional
1,Giannis Antetokounmpo,PF,29,MIL,23,23,804,276,443,0.623,9,40,0.225,267,403,0.663,0.633,176,260,0.677,61,188,249,115,35,29,90,68,737,antetgi01
2,Luka Dončić,PG,24,DAL,22,22,805,240,498,0.482,86,224,0.384,154,274,0.562,0.568,139,177,0.785,14,167,181,196,29,12,85,39,705,doncilu01
3,Joel Embiid,C,29,PHI,20,20,687,224,428,0.523,22,67,0.328,202,361,0.56,0.549,205,232,0.884,66,163,229,127,22,36,76,56,675,embiijo01
4,Nikola Jokić,C,28,DEN,24,24,804,256,476,0.538,29,93,0.312,227,383,0.593,0.568,112,144,0.778,82,221,303,226,28,20,66,62,653,jokicni01
5,Shai Gilgeous-Alexander,PG,25,OKC,21,21,729,236,429,0.55,23,67,0.343,213,362,0.588,0.577,144,157,0.917,19,96,115,131,58,18,42,53,639,gilgesh01
6,Kevin Durant,PF,35,PHO,20,20,735,211,406,0.52,45,93,0.484,166,313,0.53,0.575,149,168,0.887,6,123,129,112,15,25,71,40,616,duranke01
7,Stephen Curry,PG,35,GSW,21,21,708,187,400,0.468,106,251,0.422,81,149,0.544,0.6,132,141,0.936,14,92,106,92,17,4,72,36,612,curryst01
8,Jayson Tatum,PF,25,BOS,22,22,810,209,426,0.491,66,189,0.349,143,237,0.603,0.568,118,147,0.803,14,179,193,93,23,9,71,50,602,tatumja01
9,LeBron James,PF,39,LAL,23,23,774,218,396,0.551,53,131,0.405,165,265,0.623,0.617,93,130,0.715,21,152,173,155,35,16,79,26,582,jamesle01
10,Tyrese Maxey,PG,23,PHI,22,22,826,197,428,0.46,70,178,0.393,127,250,0.508,0.542,111,124,0.895,13,78,91,149,17,13,31,41,575,maxeyty01
11,Anthony Davis,C,30,LAL,24,24,846,215,395,0.544,6,18,0.333,209,377,0.554,0.552,138,169,0.817,86,214,300,72,27,62,48,64,574,davisan02
12,Trae Young,PG,25,ATL,21,21,751,175,420,0.417,64,179,0.358,111,241,0.461,0.493,157,180,0.872,13,45,58,227,30,3,83,34,571,youngtr01
13,Jalen Brunson,PG,27,NYK,23,23,820,200,432,0.463,66,154,0.429,134,278,0.482,0.539,99,126,0.786,15,69,84,132,24,1,51,54,565,brunsja01
14,Damian Lillard,PG,33,MIL,22,22,782,156,372,0.419,64,185,0.346,92,187,0.492,0.505,170,186,0.914,14,86,100,154,22,5,62,35,546,lillada01
15,Desmond Bane,SG,25,MEM,22,22,757,200,426,0.469,73,191,0.382,127,235,0.54,0.555,72,83,0.867,20,75,95,116,28,16,64,70,545,banede01
16,Kawhi Leonard,SF,32,LAC,23,23,799,199,396,0.503,53,126,0.421,146,270,0.541,0.569,86,99,0.869,21,112,133,83,36,16,35,35,537,leonaka01
17,Mikal Bridges,SF,27,BRK,23,23,806,191,393,0.486,51,133,0.383,140,260,0.538,0.551,97,112,0.866,25,110,135,90,22,12,56,40,530,bridgmi01
18,Kyle Kuzma,PF,28,WAS,23,23,715,208,436,0.477,52,142,0.366,156,294,0.531,0.537,61,77,0.792,21,116,137,102,7,14,55,44,529,kuzmaky01
19,Cade Cunningham,PG,22,DET,24,24,835,195,464,0.42,47,145,0.324,148,319,0.464,0.471,91,103,0.883,12,84,96,175,22,5,99,65,528,cunnica01
20,Tyrese Haliburton,PG,23,IND,20,20,683,182,350,0.52,75,171,0.439,107,179,0.598,0.627,82,94,0.872,14,71,85,240,19,14,50,22,521,halibty01
21,Paul George,PF,33,LAC,23,23,808,179,402,0.445,72,187,0.385,107,215,0.498,0.535,90,97,0.928,16,120,136,93,40,6,53,64,520,georgpa01
22,Brandon Ingram,SF,26,NOP,22,22,743,199,402,0.495,28,94,0.298,171,308,0.555,0.53,94,118,0.797,13,96,109,116,15,4,57,46,520,ingrabr01
23,Donovan Mitchell,SG,27,CLE,19,19,677,179,396,0.452,58,166,0.349,121,230,0.526,0.525,104,119,0.874,20,89,109,96,37,8,52,39,520,mitchdo01
24,Julius Randle,PF,29,NYK,23,23,809,185,408,0.453,39,126,0.31,146,282,0.518,0.501,106,146,0.726,50,174,224,124,16,5,75,59,515,randlju01
25,DeMar DeRozan,SF,34,CHI,23,23,827,177,405,0.437,23,63,0.365,154,342,0.45,0.465,135,166,0.813,18,63,81,122,22,18,29,53,512,derozde01
26,Pascal Siakam,PF,29,TOR,24,24,828,194,385,0.504,23,91,0.253,171,294,0.582,0.534,97,131,0.74,38,125,163,120,20,5,59,54,508,siakapa01
27,Jaren Jackson Jr.,C,24,MEM,23,23,730,172,383,0.449,40,120,0.333,132,263,0.502,0.501,118,141,0.837,36,98,134,41,18,41,44,81,502,jacksja02
28,De'Aaron Fox,PG,26,SAC,17,17,605,176,375,0.469,53,139,0.381,123,236,0.521,0.54,96,131,0.733,16,60,76,108,23,5,41,47,501,foxde01
29,Scottie Barnes,SG,22,TOR,24,24,838,181,375,0.483,50,127,0.394,131,248,0.528,0.549,70,93,0.753,65,153,218,135,40,29,58,49,482,barnesc01
30,Paolo Banchero,PF,21,ORL,23,23,772,175,357,0.49,28,72,0.389,147,285,0.516,0.529,98,143,0.685,32,125,157,104,24,13,73,52,476,banchpa01
31,Karl-Anthony Towns,PF,28,MIN,22,22,730,171,337,0.507,46,108,0.426,125,229,0.546,0.576,88,98,0.898,27,173,200,67,19,15,64,77,476,townska01
32,Franz Wagner,SF,22,ORL,23,23,762,175,382,0.458,35,115,0.304,140,267,0.524,0.504,89,107,0.832,27,104,131,86,24,8,38,48,474,wagnefr01
33,Jaylen Brown,SF,27,BOS,21,21,714,180,385,0.468,48,143,0.336,132,242,0.545,0.53,56,78,0.718,13,87,100,69,25,15,52,62,464,brownja02
34,Anthony Edwards,SG,22,MIN,19,19,637,161,356,0.452,45,119,0.378,116,237,0.489,0.515,96,111,0.865,14,93,107,92,23,9,58,35,463,edwaran01
35,Dejounte Murray,SG,27,ATL,23,23,789,175,391,0.448,54,139,0.388,121,252,0.48,0.517,57,66,0.864,18,83,101,123,37,7,51,34,461,murrade01
36,Zion Williamson,PF,23,NOP,20,20,620,180,308,0.584,2,6,0.333,178,302,0.589,0.588,96,146,0.658,38,73,111,94,22,6,53,50,458,willizi01
37,Jimmy Butler,PF,34,MIA,20,20,678,134,288,0.465,19,47,0.404,115,241,0.477,0.498,145,163,0.89,40,64,104,92,23,9,37,21,432,butleji01
38,Victor Wembanyama,PF,20,SAS,22,22,670,159,364,0.437,31,113,0.274,128,251,0.51,0.479,76,96,0.792,54,181,235,56,29,65,76,58,425,wembavi01
39,Michael Porter Jr.,SF,25,DEN,25,25,793,163,343,0.475,70,183,0.383,93,160,0.581,0.577,28,38,0.737,41,159,200,40,12,20,30,57,424,portemi01
40,Devin Booker,SG,27,PHO,15,15,527,137,280,0.489,31,73,0.425,106,207,0.512,0.545,117,127,0.921,15,77,92,124,11,7,46,51,422,bookede01
41,Jerami Grant,PF,29,POR,19,19,664,139,318,0.437,49,119,0.412,90,199,0.452,0.514,93,112,0.83,13,60,73,42,16,17,47,42,420,grantje01
42,Alperen Şengün,C,21,HOU,21,21,679,170,319,0.533,16,52,0.308,154,267,0.577,0.558,63,97,0.649,51,140,191,114,19,17,56,67,419,sengual01
43,Coby White,PG,23,CHI,25,25,853,146,326,0.448,79,183,0.432,67,143,0.469,0.569,47,55,0.855,10,79,89,112,22,6,47,68,418,whiteco01
44,Shaedon Sharpe,SG,20,POR,22,21,817,142,333,0.426,50,137,0.365,92,196,0.469,0.502,79,96,0.823,32,92,124,80,23,8,63,65,413,sharpsh01
45,Nikola Vučević,C,33,CHI,25,25,861,175,385,0.455,23,88,0.261,152,297,0.512,0.484,36,42,0.857,73,190,263,83,20,19,44,69,409,vucevni01
46,Domantas Sabonis,C,27,SAC,22,22,766,153,272,0.563,11,28,0.393,142,244,0.582,0.583,89,132,0.674,78,191,269,152,21,16,66,76,406,sabondo01
47,D'Angelo Russell,PG,27,LAL,25,25,753,153,320,0.478,52,134,0.388,101,186,0.543,0.559,43,56,0.768,9,71,80,161,21,12,47,53,401,russeda01
48,Bogdan Bogdanović,SG,31,ATL,23,2,638,144,309,0.466,79,193,0.409,65,116,0.56,0.594,32,35,0.914,10,68,78,55,35,7,29,61,399,bogdabo01
49,Darius Garland,PG,24,CLE,19,19,644,143,302,0.474,33,97,0.34,110,205,0.537,0.528,76,91,0.835,11,42,53,115,30,4,71,29,395,garlada01
50,Tobias Harris,PF,31,PHI,23,23,793,147,285,0.516,24,71,0.338,123,214,0.575,0.558,74,83,0.892,22,118,140,61,21,7,40,37,392,harrito02
51,Kyrie Irving,SG,31,DAL,17,17,541,146,310,0.471,43,112,0.384,103,198,0.52,0.54,56,62,0.903,10,57,67,88,20,5,23,31,391,irvinky01
52,Myles Turner,C,27,IND,22,22,612,143,276,0.518,31,94,0.33,112,182,0.615,0.574,70,91,0.769,42,135,177,29,14,47,31,72,387,turnemy01
53,Keldon Johnson,SF,24,SAS,22,22,729,139,291,0.478,46,124,0.371,93,167,0.557,0.557,55,71,0.775,25,116,141,92,20,7,31,56,379,johnske04
54,Lauri Markkanen,PF,26,UTA,16,16,536,129,265,0.487,53,136,0.39,76,129,0.589,0.587,68,82,0.829,37,101,138,16,17,13,20,36,379,markkla01
55,Jalen Green,SG,21,HOU,21,21,651,126,308,0.409,41,127,0.323,85,181,0.47,0.476,85,106,0.802,7,88,95,63,10,7,50,33,378,greenja05
56,Zach LaVine,SG,28,CHI,18,18,635,132,298,0.443,43,128,0.336,89,170,0.524,0.515,71,82,0.866,6,82,88,61,17,4,36,37,378,lavinza01
57,Chet Holmgren,C,21,OKC,22,22,656,133,254,0.524,35,92,0.38,98,162,0.605,0.593,74,84,0.881,38,134,172,55,20,53,44,62,375,holmgch01
58,LaMelo Ball,PG,22,CHO,15,15,501,132,298,0.443,52,134,0.388,80,164,0.488,0.53,54,63,0.857,23,59,82,123,21,4,59,52,370,ballla01
59,Dennis Schröder,PG,30,TOR,24,24,767,131,311,0.421,42,119,0.353,89,192,0.464,0.489,66,76,0.868,12,59,71,167,24,3,42,55,370,schrode01
60,Jordan Poole,SG,24,WAS,22,22,641,129,322,0.401,39,134,0.291,90,188,0.479,0.461,65,75,0.867,9,45,54,74,24,8,64,67,362,poolejo01
61,Austin Reaves,SG,25,LAL,25,8,731,125,264,0.473,39,110,0.355,86,154,0.558,0.547,73,85,0.859,23,95,118,124,24,2,59,36,362,reaveau01
62,Bam Adebayo,C,26,MIA,16,16,537,132,253,0.522,1,3,0.333,131,250,0.524,0.524,91,112,0.813,33,126,159,62,19,16,39,39,356,adebaba01
63,Tim Hardaway Jr.,SF,31,DAL,20,0,563,119,278,0.428,71,182,0.39,48,96,0.5,0.556,45,51,0.882,8,60,68,32,5,0,15,22,354,hardati02
64,Jonas Valančiūnas,C,31,NOP,25,25,681,136,242,0.562,17,46,0.37,119,196,0.607,0.597,62,78,0.795,59,175,234,59,12,33,34,80,351,valanjo01
65,Cole Anthony,PG,23,ORL,23,0,589,115,254,0.453,32,86,0.372,83,168,0.494,0.516,85,101,0.842,25,79,104,83,16,12,44,70,347,anthoco01
66,RJ Barrett,SG,23,NYK,18,18,529,118,280,0.421,34,96,0.354,84,184,0.457,0.482,72,87,0.828,12,59,71,46,9,4,31,25,342,barrerj01
67,Reggie Jackson,PG,33,DEN,25,14,659,136,272,0.5,44,107,0.411,92,165,0.558,0.581,26,37,0.703,9,49,58,116,17,7,40,49,342,jacksre01
68,Klay Thompson,SF,33,GSW,22,22,660,116,292,0.397,59,172,0.343,57,120,0.475,0.498,48,54,0.889,13,74,87,44,8,12,43,49,339,thompkl01
69,Max Strus,SF,27,CLE,24,24,834,121,290,0.417,69,188,0.367,52,102,0.51,0.536,27,34,0.794,18,115,133,93,23,13,37,70,338,strusma01
70,Jalen Williams,PF,22,OKC,19,19,618,126,244,0.516,21,54,0.389,105,190,0.553,0.559,65,74,0.878,6,73,79,70,16,6,35,55,338,willija06
71,Evan Mobley,PF,22,CLE,21,21,705,142,248,0.573,2,10,0.2,140,238,0.588,0.577,50,65,0.769,56,164,220,61,17,35,48,60,336,mobleev01
72,Duncan Robinson,SF,29,MIA,22,14,661,118,243,0.486,69,157,0.439,49,86,0.57,0.628,28,33,0.848,7,54,61,64,11,3,28,53,333,robindu01
73,Immanuel Quickley,SG,24,NYK,22,0,527,111,254,0.437,46,122,0.377,65,132,0.492,0.528,63,70,0.9,5,57,62,59,11,2,24,34,331,quickim01
74,Cam Thomas,SG,22,BRK,14,12,437,121,276,0.438,31,87,0.356,90,189,0.476,0.495,55,64,0.859,3,41,44,34,9,8,24,26,328,thomaca02
75,Fred VanVleet,PG,29,HOU,20,20,760,107,283,0.378,60,161,0.373,47,122,0.385,0.484,54,63,0.857,6,79,85,171,19,9,35,36,328,vanvlfr01
76,Gordon Hayward,SF,33,CHO,21,21,685,125,267,0.468,20,54,0.37,105,213,0.493,0.506,56,73,0.767,24,81,105,100,25,9,43,40,326,haywago01
77,Kristaps Porziņģis,C,28,BOS,17,17,515,110,208,0.529,29,86,0.337,81,122,0.664,0.599,77,93,0.828,26,87,113,32,13,27,24,54,326,porzikr01
78,Spencer Dinwiddie,PG,30,BRK,22,22,696,105,262,0.401,48,143,0.336,57,119,0.479,0.492,66,84,0.786,12,75,87,141,18,3,39,38,324,dinwisp01
79,Malik Monk,SG,25,SAC,22,0,551,105,240,0.438,59,137,0.431,46,103,0.447,0.56,54,60,0.9,12,47,59,107,16,9,51,37,323,monkma01
80,Brook Lopez,C,35,MIL,24,24,739,119,241,0.494,43,124,0.347,76,117,0.65,0.583,40,50,0.8,35,83,118,36,20,71,22,65,321,lopezbr01
81,OG Anunoby,SF,26,TOR,20,20,658,120,248,0.484,52,132,0.394,68,116,0.586,0.589,26,38,0.684,21,66,87,49,22,13,34,50,318,anunoog01
82,John Collins,PF,26,UTA,22,22,683,121,251,0.482,31,81,0.383,90,170,0.529,0.544,45,60,0.75,59,130,189,20,14,21,31,62,318,collijo01
83,Collin Sexton,SG,25,UTA,24,1,506,107,235,0.455,28,85,0.329,79,150,0.527,0.515,75,85,0.882,21,45,66,81,12,4,46,42,317,sextoco01
84,Jordan Clarkson,SG,31,UTA,19,19,586,115,288,0.399,31,105,0.295,84,183,0.459,0.453,55,66,0.833,24,40,64,94,16,3,57,27,316,clarkjo01
85,Devin Vassell,SG,23,SAS,18,12,525,115,248,0.464,45,126,0.357,70,122,0.574,0.554,41,53,0.774,9,52,61,51,18,2,26,19,316,vassede01
86,Terry Rozier,SG,29,CHO,13,13,480,114,236,0.483,36,89,0.404,78,147,0.531,0.559,47,55,0.855,7,38,45,99,14,6,31,28,311,roziete01
87,De'Andre Hunter,SF,26,ATL,21,21,643,105,233,0.451,38,102,0.373,67,131,0.511,0.532,62,69,0.899,14,75,89,28,18,7,33,65,310,huntede01
88,Jaime Jaquez Jr.,SF,22,MIA,24,4,658,121,233,0.519,29,72,0.403,92,161,0.571,0.582,32,38,0.842,26,60,86,65,23,5,38,57,303,jaqueja01
89,Bennedict Mathurin,SF,21,IND,22,12,556,107,243,0.44,27,75,0.36,80,168,0.476,0.496,62,75,0.827,26,60,86,47,13,4,32,46,303,mathube01
90,Saddiq Bey,SF,24,ATL,23,11,707,110,226,0.487,41,109,0.376,69,117,0.59,0.577,39,49,0.796,50,90,140,29,25,4,26,36,300,beysa01
91,Zach Collins,C,26,SAS,23,20,637,112,236,0.475,25,88,0.284,87,148,0.588,0.528,50,62,0.806,45,93,138,83,15,14,60,77,299,colliza01
92,Eric Gordon,SG,35,PHO,21,16,673,114,246,0.463,57,143,0.399,57,103,0.553,0.579,14,17,0.824,7,35,42,60,22,12,33,32,299,gordoer01
93,Brandon Miller,SF,21,CHO,20,14,640,112,251,0.446,41,102,0.402,71,149,0.477,0.528,31,38,0.816,20,62,82,44,14,11,33,60,296,millebr02
94,Derrick White,SG,29,BOS,19,19,620,94,195,0.482,48,113,0.425,46,82,0.561,0.605,58,66,0.879,13,60,73,97,21,18,34,47,294,whitede01
95,De'Anthony Melton,SG,25,PHI,23,23,684,96,242,0.397,53,138,0.384,43,104,0.413,0.506,48,60,0.8,18,77,95,85,34,12,31,59,293,meltode01
96,Rudy Gobert,C,31,MIN,22,22,714,111,181,0.613,0,0,,111,181,0.613,0.613,70,110,0.636,85,184,269,23,12,55,35,64,292,goberru01
97,Jusuf Nurkić,C,29,PHO,24,24,678,106,230,0.461,16,59,0.271,90,171,0.526,0.496,64,89,0.719,68,167,235,94,24,29,47,86,292,nurkiju01
98,Buddy Hield,SF,31,IND,22,10,566,108,238,0.454,62,160,0.388,46,78,0.59,0.584,11,13,0.846,17,54,71,57,18,12,31,43,289,hieldbu01
99,Malik Beasley,SG,27,MIL,24,24,727,104,215,0.484,71,155,0.458,33,60,0.55,0.649,8,12,0.667,17,89,106,35,23,4,16,50,287,beaslma01
100,James Harden,SG,34,LAC,18,18,603,86,186,0.462,41,104,0.394,45,82,0.549,0.573,74,85,0.871,5,78,83,123,28,10,41,36,287,hardeja01
101,Norman Powell,SG,30,LAC,23,0,563,96,201,0.478,42,95,0.442,54,106,0.509,0.582,51,60,0.85,4,42,46,25,15,11,23,44,285,powelno01
102,Moritz Wagner,C,26,ORL,23,0,444,111,178,0.624,13,38,0.342,98,140,0.7,0.66,48,62,0.774,33,64,97,26,12,9,33,55,283,wagnemo01
103,Naz Reid,C,24,MIN,22,0,483,108,218,0.495,36,99,0.364,72,119,0.605,0.578,29,32,0.906,25,75,100,19,16,13,23,35,281,reidna01
104,P.J. Washington,PF,25,CHO,21,12,626,106,245,0.433,40,122,0.328,66,123,0.537,0.514,28,39,0.718,23,84,107,50,15,19,30,58,280,washipj01
105,Bobby Portis,PF,28,MIL,24,0,568,115,234,0.491,20,62,0.323,95,172,0.552,0.534,29,37,0.784,35,118,153,28,17,13,21,57,279,portibo01
106,Deni Avdija,SF,23,WAS,23,23,619,109,210,0.519,23,66,0.348,86,144,0.597,0.574,37,44,0.841,27,99,126,92,19,8,34,49,278,avdijde01
107,Dillon Brooks,SF,28,HOU,21,21,652,101,218,0.463,37,94,0.394,64,124,0.516,0.548,38,45,0.844,16,57,73,36,19,1,42,85,277,brookdi01
108,Jordan Hawkins,SG,21,NOP,24,9,616,90,237,0.38,56,155,0.361,34,82,0.415,0.498,40,46,0.87,17,66,83,39,10,0,22,44,276,hawkijo01
109,Ivica Zubac,C,26,LAC,23,23,615,119,190,0.626,0,0,,119,190,0.626,0.626,38,65,0.585,70,137,207,21,4,33,27,64,276,zubaciv01
110,Bruce Brown,SG,27,IND,22,22,701,99,214,0.463,26,80,0.325,73,134,0.545,0.523,47,59,0.797,15,89,104,64,28,5,25,52,271,brownbr01
111,Obi Toppin,PF,25,IND,22,21,526,109,182,0.599,26,73,0.356,83,109,0.761,0.67,27,34,0.794,22,51,73,28,13,13,17,47,271,toppiob01
112,Aaron Gordon,PF,28,DEN,21,21,689,114,231,0.494,10,43,0.233,104,188,0.553,0.515,32,62,0.516,61,92,153,76,20,15,33,38,270,gordoaa01
113,Jabari Smith Jr.,PF,20,HOU,21,21,637,105,213,0.493,34,92,0.37,71,121,0.587,0.573,26,36,0.722,38,145,183,37,13,16,28,64,270,smithja05
114,Kentavious Caldwell-Pope,SG,30,DEN,25,25,822,91,202,0.45,36,89,0.404,55,113,0.487,0.54,46,51,0.902,10,38,48,63,36,11,30,51,264,caldwke01
115,Jakob Poeltl,C,28,TOR,24,24,642,118,164,0.72,0,0,,118,164,0.72,0.72,27,53,0.509,71,134,205,56,17,28,36,65,263,poeltja01
116,Keyonte George,PG,20,UTA,24,16,618,83,230,0.361,39,122,0.32,44,108,0.407,0.446,57,73,0.781,12,60,72,120,12,3,55,26,262,georgke01
117,Jonathan Kuminga,PF,21,GSW,22,1,450,97,204,0.475,15,53,0.283,82,151,0.543,0.512,53,80,0.663,22,54,76,20,13,7,30,55,262,kuminjo01
118,Russell Westbrook,PG,35,LAC,23,10,575,105,237,0.443,16,58,0.276,89,179,0.497,0.477,36,58,0.621,36,112,148,112,26,11,56,50,262,westbru01
119,Herbert Jones,SF,25,NOP,22,22,674,89,180,0.494,25,74,0.338,64,106,0.604,0.564,56,64,0.875,28,71,99,62,38,26,33,77,259,joneshe01
120,Clint Capela,C,29,ATL,23,23,586,110,194,0.567,0,0,,110,194,0.567,0.567,37,58,0.638,111,127,238,26,15,38,19,61,257,capelca01
121,Josh Giddey,SG,21,OKC,22,22,573,109,261,0.418,18,56,0.321,91,205,0.444,0.452,21,27,0.778,33,99,132,97,19,10,55,30,257,giddejo01
122,Malcolm Brogdon,PG,31,POR,15,10,422,91,221,0.412,30,79,0.38,61,142,0.43,0.48,43,54,0.796,15,45,60,91,13,3,27,19,255,brogdma01
123,Tyus Jones,PG,27,WAS,23,23,615,108,215,0.502,26,75,0.347,82,140,0.586,0.563,13,17,0.765,6,57,63,111,22,5,17,18,255,jonesty01
124,Jalen Suggs,SG,22,ORL,21,21,549,88,193,0.456,33,89,0.371,55,104,0.529,0.541,46,56,0.821,14,59,73,56,38,13,42,59,255,suggsja01
125,Andrew Wiggins,SF,28,GSW,21,21,564,99,240,0.413,19,68,0.279,80,172,0.465,0.452,37,59,0.627,40,52,92,24,6,7,42,51,254,wiggian01
126,Ausar Thompson,SF,21,DET,24,20,664,106,228,0.465,7,49,0.143,99,179,0.553,0.48,34,50,0.68,70,132,202,60,23,30,44,85,253,thompau01
127,Isaiah Stewart,PF,22,DET,24,24,738,93,203,0.458,33,89,0.371,60,114,0.526,0.539,33,42,0.786,44,123,167,35,7,14,41,62,252,stewais01
128,Mike Conley,PG,36,MIN,22,22,653,84,188,0.447,50,117,0.427,34,71,0.479,0.58,33,35,0.943,10,58,68,136,21,2,23,40,251,conlemi01
129,Dario Šarić,C,29,GSW,23,4,495,86,187,0.46,38,98,0.388,48,89,0.539,0.561,41,50,0.82,39,100,139,53,15,6,28,57,251,saricda01
130,Harrison Barnes,PF,31,SAC,22,22,678,85,180,0.472,38,100,0.38,47,80,0.588,0.578,42,51,0.824,19,54,73,32,16,4,17,24,250,barneha02
131,Khris Middleton,SF,32,MIL,20,20,451,96,203,0.473,27,75,0.36,69,128,0.539,0.539,31,39,0.795,16,84,100,86,17,1,37,40,250,middlkh01
132,Caris LeVert,SG,29,CLE,17,1,509,92,224,0.411,28,91,0.308,64,133,0.481,0.473,37,50,0.74,7,54,61,60,16,7,24,30,249,leverca01
133,Lonnie Walker IV,SG,25,BRK,17,0,362,88,180,0.489,44,95,0.463,44,85,0.518,0.611,29,38,0.763,3,42,45,28,10,7,25,16,249,walkelo01
134,Keegan Murray,SF,23,SAC,18,18,579,93,225,0.413,38,123,0.309,55,102,0.539,0.498,24,28,0.857,27,76,103,32,22,8,19,48,248,murrake02
135,Jrue Holiday,PG,33,BOS,20,20,694,94,215,0.437,35,91,0.385,59,124,0.476,0.519,24,29,0.828,34,105,139,98,17,18,41,34,247,holidjr01
136,Jeremy Sochan,PG,20,SAS,23,22,672,95,226,0.42,20,55,0.364,75,171,0.439,0.465,34,45,0.756,35,86,121,95,15,6,57,65,244,sochaje01
137,Kevin Huerter,SG,25,SAC,21,21,552,90,210,0.429,49,133,0.368,41,77,0.532,0.545,14,17,0.824,13,80,93,59,16,6,16,49,243,huertke01
138,Dorian Finney-Smith,PF,30,BRK,22,17,672,91,189,0.481,56,126,0.444,35,63,0.556,0.63,4,6,0.667,44,72,116,28,14,15,20,48,242,finnedo01
139,Mark Williams,C,22,CHO,19,19,508,98,151,0.649,0,0,,98,151,0.649,0.649,46,64,0.719,76,108,184,22,16,20,17,50,242,willima07
140,Corey Kispert,SF,24,WAS,22,1,501,81,179,0.453,44,115,0.383,37,64,0.578,0.575,34,45,0.756,10,46,56,33,9,2,22,41,240,kispeco01
141,CJ McCollum,PG,32,NOP,12,12,395,86,191,0.45,35,88,0.398,51,103,0.495,0.542,33,41,0.805,8,41,49,66,18,10,15,27,240,mccolcj01
142,Jarrett Allen,C,25,CLE,19,19,537,98,146,0.671,0,0,,98,146,0.671,0.671,43,62,0.694,56,97,153,44,14,19,33,57,239,allenja01
143,Miles Bridges,SF,25,CHO,12,10,437,90,181,0.497,24,64,0.375,66,117,0.564,0.564,35,41,0.854,11,70,81,32,17,3,21,25,239,bridgmi02
144,Talen Horton-Tucker,PG,23,UTA,24,8,524,89,224,0.397,30,91,0.33,59,133,0.444,0.464,29,36,0.806,10,56,66,100,20,11,45,54,237,hortota01
145,Cameron Johnson,PF,27,BRK,16,16,471,87,189,0.46,39,99,0.394,48,90,0.533,0.563,22,26,0.846,28,63,91,44,14,3,20,27,235,johnsca02
146,Grayson Allen,SG,28,PHO,19,19,629,78,162,0.481,44,94,0.468,34,68,0.5,0.617,34,38,0.895,14,72,86,55,13,8,28,44,234,allengr01
147,Deandre Ayton,C,25,POR,18,18,575,108,184,0.587,0,0,,108,184,0.587,0.587,17,21,0.81,56,138,194,28,22,13,35,46,233,aytonde01
148,Jaden Ivey,SG,21,DET,20,6,469,80,169,0.473,18,62,0.29,62,107,0.579,0.527,48,61,0.787,14,39,53,52,15,9,36,51,226,iveyja01
149,Aaron Nesmith,SF,24,IND,20,1,489,82,151,0.543,36,81,0.444,46,70,0.657,0.662,23,35,0.657,16,41,57,20,17,11,14,69,223,nesmiaa01
150,Killian Hayes,PG,22,DET,23,19,624,89,204,0.436,18,58,0.31,71,146,0.486,0.48,25,36,0.694,8,61,69,103,26,14,23,45,221,hayeski01
151,Isaiah Joe,SG,24,OKC,22,0,447,70,159,0.44,56,127,0.441,14,32,0.438,0.616,23,27,0.852,2,48,50,25,19,7,10,26,219,joeis01
152,Patrick Williams,PF,22,CHI,25,15,653,81,191,0.424,27,78,0.346,54,113,0.478,0.495,30,42,0.714,30,75,105,32,24,23,29,42,219,willipa01
153,Derrick Jones Jr.,SF,26,DAL,22,21,515,79,159,0.497,36,93,0.387,43,66,0.652,0.61,24,33,0.727,26,57,83,21,14,20,20,35,218,jonesde02
154,Kyle Lowry,PG,37,MIA,23,23,676,72,161,0.447,49,111,0.441,23,50,0.46,0.599,25,30,0.833,18,75,93,96,29,7,33,62,218,lowryky01
155,Gary Trent Jr.,SG,25,TOR,21,2,523,80,210,0.381,39,110,0.355,41,100,0.41,0.474,19,32,0.594,5,34,39,29,14,2,12,21,218,trentga02
156,Taurean Prince,PF,29,LAL,23,23,688,80,182,0.44,43,111,0.387,37,71,0.521,0.558,14,20,0.7,7,54,61,38,18,9,20,48,217,princta02
157,Christian Braun,SG,22,DEN,25,0,501,84,173,0.486,16,41,0.39,68,132,0.515,0.532,32,43,0.744,21,77,98,46,10,7,19,43,216,braunch01
158,Luguentz Dort,SF,24,OKC,21,21,592,70,163,0.429,33,87,0.379,37,76,0.487,0.531,43,52,0.827,27,59,86,26,18,16,21,62,216,dortlu01
159,Jalen Johnson,SF,22,ATL,15,12,449,85,143,0.594,17,40,0.425,68,103,0.66,0.654,25,33,0.758,20,89,109,36,17,15,30,33,212,johnsja05
160,Donte DiVincenzo,SG,27,NYK,23,5,473,71,167,0.425,51,119,0.429,20,48,0.417,0.578,18,26,0.692,18,52,70,42,22,7,23,35,211,divindo01
161,Santi Aldama,PF,23,MEM,17,5,439,82,186,0.441,28,87,0.322,54,99,0.545,0.516,18,29,0.621,26,76,102,38,13,14,19,31,210,aldamsa01
162,Sam Hauser,SF,26,BOS,22,2,499,71,153,0.464,60,135,0.444,11,18,0.611,0.66,8,10,0.8,20,58,78,19,10,8,12,33,210,hausesa01
163,Grant Williams,PF,25,DAL,20,20,587,69,156,0.442,48,113,0.425,21,43,0.488,0.596,20,31,0.645,23,51,74,33,6,11,18,54,206,willigr01
164,Josh Richardson,SG,30,MIA,20,4,557,75,169,0.444,27,86,0.314,48,83,0.578,0.524,28,31,0.903,10,44,54,61,12,5,22,36,205,richajo01
165,Jamal Murray,PG,26,DEN,11,11,328,74,161,0.46,27,60,0.45,47,101,0.465,0.543,28,31,0.903,4,34,38,71,4,8,24,22,203,murraja01
166,Bilal Coulibaly,SF,19,WAS,22,1,590,76,144,0.528,28,66,0.424,48,78,0.615,0.625,22,37,0.595,16,76,92,39,24,15,35,40,202,coulibi01
167,Daniel Gafford,C,25,WAS,20,20,495,85,122,0.697,0,0,,85,122,0.697,0.697,31,47,0.66,51,93,144,33,13,41,22,68,201,gaffoda01
168,Moses Moody,SG,21,GSW,23,4,442,72,150,0.48,27,75,0.36,45,75,0.6,0.57,28,38,0.737,29,51,80,23,17,7,16,36,199,moodymo01
169,Malaki Branham,SG,20,SAS,23,11,489,82,189,0.434,22,75,0.293,60,114,0.526,0.492,12,13,0.923,6,31,37,50,10,3,28,30,198,branhma01
170,Onyeka Okongwu,C,23,ATL,23,0,542,73,133,0.549,8,30,0.267,65,103,0.631,0.579,43,51,0.843,58,99,157,35,11,20,16,64,197,okongon01
171,Marvin Bagley III,C,24,DET,20,7,366,77,134,0.575,1,5,0.2,76,129,0.589,0.578,41,48,0.854,37,59,96,23,2,12,26,30,196,baglema01
172,Georges Niang,PF,30,CLE,24,1,540,72,177,0.407,37,104,0.356,35,73,0.479,0.511,12,13,0.923,9,84,93,30,7,2,16,55,193,niangge01
173,David Roddy,PF,22,MEM,23,8,560,77,185,0.416,24,80,0.3,53,105,0.505,0.481,15,23,0.652,24,76,100,28,16,8,22,34,193,roddyda01
174,Alex Caruso,SG,29,CHI,20,9,470,67,125,0.536,32,69,0.464,35,56,0.625,0.664,24,31,0.774,25,43,68,46,26,16,27,45,190,carusal01
175,Dereck Lively II,C,19,DAL,21,20,544,87,118,0.737,0,2,0,87,116,0.75,0.737,16,27,0.593,62,108,170,26,14,34,26,67,190,livelde01
176,Josh Hart,SF,28,NYK,23,5,658,75,158,0.475,26,69,0.377,49,89,0.551,0.557,12,17,0.706,25,112,137,67,23,6,21,46,188,hartjo01
177,Cedi Osman,SF,28,SAS,23,1,440,70,152,0.461,31,84,0.369,39,68,0.574,0.563,13,20,0.65,11,45,56,38,10,5,15,37,184,osmande01
178,Tyler Herro,SG,24,MIA,8,8,272,68,152,0.447,25,61,0.41,43,91,0.473,0.53,22,25,0.88,3,37,40,37,11,0,20,13,183,herroty01
179,Rui Hachimura,PF,25,LAL,16,2,375,69,140,0.493,19,46,0.413,50,94,0.532,0.561,23,30,0.767,12,47,59,18,12,4,16,27,180,hachiru01
180,Simone Fontecchio,SF,28,UTA,22,9,429,63,145,0.434,38,101,0.376,25,44,0.568,0.566,15,18,0.833,18,39,57,27,9,12,23,35,179,fontesi01
181,Royce O'Neale,SF,30,BRK,22,5,619,60,155,0.387,52,129,0.403,8,26,0.308,0.555,7,12,0.583,16,98,114,74,17,17,18,60,179,onealro01
182,Chris Paul,PG,38,GSW,20,7,533,63,155,0.406,24,70,0.343,39,85,0.459,0.484,28,31,0.903,6,67,73,148,29,1,23,35,178,paulch01
183,Marcus Sasser,PG,23,DET,23,0,387,70,149,0.47,29,71,0.408,41,78,0.526,0.567,9,9,1,3,37,40,61,14,3,17,31,178,sassema01
184,Kelly Oubre Jr.,SF,28,PHI,12,5,316,66,128,0.516,19,52,0.365,47,76,0.618,0.59,26,35,0.743,15,40,55,9,16,4,10,26,177,oubreke01
185,Jalen Duren,C,20,DET,14,13,404,80,127,0.63,0,2,0,80,125,0.64,0.63,16,28,0.571,47,106,153,35,8,19,38,48,176,durenja01
186,Alec Burks,SG,32,DET,17,0,314,48,136,0.353,32,85,0.376,16,51,0.314,0.471,46,52,0.885,9,30,39,27,7,4,8,24,174,burksal01
187,Kelly Olynyk,C,32,UTA,22,3,468,58,105,0.552,18,39,0.462,40,66,0.606,0.638,35,39,0.897,37,88,125,84,17,4,42,63,169,olynyke01
188,Dyson Daniels,PG,20,NOP,25,13,621,65,165,0.394,17,71,0.239,48,94,0.511,0.445,20,30,0.667,28,87,115,76,38,10,29,48,167,daniedy01
189,Caleb Martin,SF,28,MIA,14,4,370,66,154,0.429,19,56,0.339,47,98,0.48,0.49,16,24,0.667,18,46,64,33,10,4,20,30,167,martica02
190,Cason Wallace,SG,20,OKC,22,5,490,65,110,0.591,25,48,0.521,40,62,0.645,0.705,12,15,0.8,11,41,52,28,14,11,11,38,167,wallaca01
191,Nic Claxton,C,24,BRK,14,14,385,73,113,0.646,1,1,1,72,112,0.643,0.65,19,32,0.594,45,84,129,20,7,33,9,35,166,claxtni01
192,Jabari Walker,SF,21,POR,22,0,400,62,136,0.456,12,45,0.267,50,91,0.549,0.5,28,36,0.778,34,74,108,16,17,9,21,51,164,walkeja01
193,Ziaire Williams,SF,22,MEM,21,8,426,57,149,0.383,24,74,0.324,33,75,0.44,0.463,24,27,0.889,13,71,84,27,10,5,24,38,162,willizi02
194,Christian Wood,PF,28,LAL,23,1,455,57,126,0.452,15,56,0.268,42,70,0.6,0.512,31,47,0.66,22,113,135,20,4,12,29,39,160,woodch01
195,Kyle Anderson,PF,30,MIN,22,0,522,60,129,0.465,2,18,0.111,58,111,0.523,0.473,36,52,0.692,17,66,83,86,18,19,33,31,158,anderky01
196,Danilo Gallinari,PF,35,WAS,21,0,329,52,117,0.444,17,55,0.309,35,62,0.565,0.517,37,44,0.841,10,54,64,29,5,3,11,24,158,gallida01
197,Jordan Goodwin,PG,25,PHO,24,0,432,58,146,0.397,22,67,0.328,36,79,0.456,0.473,20,23,0.87,26,65,91,55,18,7,21,31,158,goodwjo01
198,Tre Jones,PG,24,SAS,20,0,476,59,134,0.44,12,43,0.279,47,91,0.516,0.485,27,32,0.844,10,45,55,101,16,4,27,25,157,jonestr01
199,Nickeil Alexander-Walker,SG,25,MIN,22,11,525,57,141,0.404,32,93,0.344,25,48,0.521,0.518,9,15,0.6,10,36,46,58,19,16,26,44,155,alexani01
200,Goga Bitadze,C,24,ORL,21,18,441,60,102,0.588,1,5,0.2,59,97,0.608,0.593,33,46,0.717,45,81,126,39,14,35,14,51,154,bitadgo01
201,Kevin Love,PF,35,MIA,18,4,332,48,119,0.403,29,86,0.337,19,33,0.576,0.525,29,35,0.829,17,102,119,44,6,2,11,34,154,loveke01
202,Day'Ron Sharpe,C,22,BRK,23,0,359,62,111,0.559,0,5,0,62,106,0.585,0.559,30,49,0.612,56,97,153,21,9,17,26,50,154,sharpda01
203,Andre Drummond,C,30,CHI,25,0,331,60,122,0.492,0,1,0,60,121,0.496,0.492,33,56,0.589,77,96,173,15,25,9,26,41,153,drumman01
204,Cameron Payne,PG,29,MIL,24,2,406,57,122,0.467,29,68,0.426,28,54,0.519,0.586,9,10,0.9,1,30,31,60,9,2,21,48,152,payneca01
205,Josh Okogie,SG,25,PHO,23,11,491,45,108,0.417,14,51,0.275,31,57,0.544,0.481,46,60,0.767,38,40,78,27,22,12,19,31,150,okogijo01
206,Cam Reddish,SF,24,LAL,21,14,503,51,121,0.421,18,54,0.333,33,67,0.493,0.496,29,34,0.853,12,46,58,27,29,7,14,36,149,reddica01
207,Ochai Agbaji,SG,23,UTA,24,10,501,56,130,0.431,30,77,0.39,26,53,0.491,0.546,6,8,0.75,21,39,60,26,17,13,17,35,148,agbajoc01
208,Al Horford,C,37,BOS,20,8,527,57,117,0.487,26,73,0.356,31,44,0.705,0.598,8,8,1,33,101,134,54,10,19,20,34,148,horfoal01
209,Toumani Camara,PF,23,POR,22,13,570,55,145,0.379,17,67,0.254,38,78,0.487,0.438,20,29,0.69,44,59,103,26,20,13,24,64,147,camarto01
210,Dante Exum,PG,28,DAL,20,4,300,57,108,0.528,15,37,0.405,42,71,0.592,0.597,18,27,0.667,13,43,56,47,10,4,10,25,147,exumda01
211,Matisse Thybulle,SF,26,POR,22,11,528,52,108,0.481,36,85,0.424,16,23,0.696,0.648,6,8,0.75,9,32,41,24,34,17,17,26,146,thybuma01
212,Draymond Green,PF,33,GSW,15,15,377,51,104,0.49,18,42,0.429,33,62,0.532,0.577,25,30,0.833,22,61,83,87,6,11,36,45,145,greendr01
213,Precious Achiuwa,C,24,TOR,18,0,327,57,125,0.456,12,37,0.324,45,88,0.511,0.504,18,29,0.621,37,74,111,35,11,8,26,33,144,achiupr01
214,Torrey Craig,SF,33,CHI,25,7,535,52,125,0.416,25,68,0.368,27,57,0.474,0.516,15,19,0.789,47,78,125,28,16,10,16,65,144,craigto01
215,Ayo Dosunmu,SG,24,CHI,23,3,446,55,119,0.462,18,54,0.333,37,65,0.569,0.538,16,20,0.8,9,30,39,40,15,3,19,38,144,dosunay01
216,Drew Eubanks,C,26,PHO,23,0,395,58,99,0.586,2,2,1,56,97,0.577,0.596,26,31,0.839,32,68,100,30,5,23,27,46,144,eubandr01
217,Walker Kessler,C,22,UTA,16,9,400,64,116,0.552,2,11,0.182,62,105,0.59,0.56,12,22,0.545,52,79,131,13,6,40,21,37,142,kesslwa01
218,Chris Boucher,PF,31,TOR,22,0,312,47,107,0.439,14,42,0.333,33,65,0.508,0.505,33,40,0.825,27,54,81,8,7,12,10,37,141,bouchch01
219,Naji Marshall,SF,26,NOP,16,0,330,46,98,0.469,19,45,0.422,27,53,0.509,0.566,30,35,0.857,20,54,74,37,13,5,20,23,141,marshna01
220,Gary Harris,SG,29,ORL,18,3,393,47,106,0.443,27,75,0.36,20,31,0.645,0.571,19,24,0.792,9,25,34,33,16,5,9,27,140,harriga01
221,Jalen Smith,C,23,IND,14,0,216,53,75,0.707,14,21,0.667,39,54,0.722,0.8,20,27,0.741,20,57,77,12,5,4,15,29,140,smithja04
222,Quentin Grimes,SG,23,NYK,21,18,474,50,128,0.391,37,101,0.366,13,27,0.481,0.535,2,5,0.4,4,25,29,25,14,0,12,35,139,grimequ01
223,Aaron Holiday,PG,27,HOU,19,1,345,52,109,0.477,25,56,0.446,27,53,0.509,0.592,10,12,0.833,5,31,36,38,9,2,9,36,139,holidaa01
224,Doug McDermott,SF,32,SAS,21,0,350,47,103,0.456,37,79,0.468,10,24,0.417,0.636,6,8,0.75,3,21,24,36,8,2,13,25,137,mcderdo01
225,Brandin Podziemski,SG,20,GSW,17,0,335,53,111,0.477,19,43,0.442,34,68,0.5,0.563,12,19,0.632,24,58,82,41,9,2,19,29,137,podzibr01
226,Marcus Smart,PG,29,MEM,11,11,329,51,119,0.429,18,61,0.295,33,58,0.569,0.504,17,21,0.81,3,24,27,55,22,4,37,35,137,smartma01
227,Shake Milton,SG,27,MIN,22,0,363,45,118,0.381,11,44,0.25,34,74,0.459,0.428,34,41,0.829,5,36,41,35,14,3,23,35,135,miltosh01
228,Payton Pritchard,PG,26,BOS,22,0,440,49,129,0.38,27,84,0.321,22,45,0.489,0.484,10,13,0.769,20,49,69,63,9,1,12,23,135,pritcpa01
229,Jevon Carter,PG,28,CHI,25,0,353,52,134,0.388,30,83,0.361,22,51,0.431,0.5,0,1,0,4,14,18,31,13,7,15,28,134,carteje01
230,Derrick Rose,PG,35,MEM,14,6,275,52,118,0.441,10,30,0.333,42,88,0.477,0.483,19,21,0.905,7,22,29,50,7,2,21,18,133,rosede01
231,Julian Strawther,SF,21,DEN,22,0,295,46,116,0.397,27,77,0.351,19,39,0.487,0.513,13,18,0.722,1,29,30,25,11,5,8,35,132,strawju01
232,Isaiah Hartenstein,C,25,NYK,23,0,426,52,91,0.571,1,3,0.333,51,88,0.58,0.577,25,37,0.676,62,69,131,28,20,16,19,64,130,harteis01
233,Scoot Henderson,PG,19,POR,13,5,336,51,144,0.354,12,54,0.222,39,90,0.433,0.396,16,24,0.667,12,24,36,55,6,3,42,55,130,hendesc01
234,Nick Richards,C,26,CHO,16,3,321,46,67,0.687,0,0,,46,67,0.687,0.687,38,47,0.809,30,73,103,6,6,21,18,40,130,richani01
235,Mitchell Robinson,C,25,NYK,21,21,613,58,98,0.592,0,0,,58,98,0.592,0.592,14,38,0.368,112,104,216,15,32,27,21,40,130,robinmi01
236,Jaden Hardy,SG,21,DAL,19,0,243,46,120,0.383,18,55,0.327,28,65,0.431,0.458,18,27,0.667,8,23,31,28,6,0,16,21,128,hardyja02
237,Malachi Flynn,PG,25,TOR,24,0,389,46,109,0.422,21,63,0.333,25,46,0.543,0.518,14,18,0.778,10,38,48,60,15,4,25,33,127,flynnma01
238,Jeff Green,PF,37,HOU,20,0,305,39,71,0.549,8,24,0.333,31,47,0.66,0.606,41,50,0.82,17,30,47,12,4,8,12,27,127,greenje02
239,Kevon Looney,C,27,GSW,23,20,507,52,90,0.578,0,0,,52,90,0.578,0.578,22,32,0.688,63,127,190,60,17,7,21,60,126,looneke01
240,Landry Shamet,SG,26,WAS,15,0,253,48,101,0.475,24,60,0.4,24,41,0.585,0.594,5,11,0.455,2,19,21,22,9,2,9,31,125,shamela01
241,Josh Green,SG,23,DAL,18,5,454,46,109,0.422,23,63,0.365,23,46,0.5,0.528,9,17,0.529,10,42,52,43,17,3,17,31,124,greenjo02
242,Tari Eason,PF,22,HOU,14,0,271,48,102,0.471,13,31,0.419,35,71,0.493,0.534,13,22,0.591,29,72,101,17,8,15,13,27,122,easonta01
243,T.J. McConnell,PG,31,IND,16,0,231,54,101,0.535,1,9,0.111,53,92,0.576,0.54,12,17,0.706,9,31,40,69,15,2,19,19,121,mccontj01
244,Matt Ryan,SF,26,NOP,13,1,298,38,83,0.458,32,68,0.471,6,15,0.4,0.651,13,14,0.929,5,25,30,14,5,1,16,24,121,ryanma01
245,Andrew Nembhard,PG,24,IND,17,2,308,52,114,0.456,9,37,0.243,43,77,0.558,0.496,6,9,0.667,9,20,29,70,15,1,22,33,119,nembhan01
246,Sasha Vezenkov,PF,28,SAC,19,0,275,45,101,0.446,23,62,0.371,22,39,0.564,0.559,6,8,0.75,11,37,48,9,10,6,7,23,119,vezenal01
247,Joe Ingles,SF,36,ORL,23,0,431,38,93,0.409,24,59,0.407,14,34,0.412,0.538,17,19,0.895,10,54,64,80,18,3,20,37,117,inglejo01
248,Jaden McDaniels,SF,23,MIN,12,11,287,51,91,0.56,13,35,0.371,38,56,0.679,0.632,2,3,0.667,7,20,27,14,6,4,12,40,117,mcdanja02
249,Robert Covington,SF-PF,33,TOT,22,6,391,38,84,0.452,19,51,0.373,19,33,0.576,0.565,21,24,0.875,27,53,80,20,30,15,8,42,116,covinro01
250,Terance Mann,SG,27,LAC,17,13,455,46,104,0.442,11,47,0.234,35,57,0.614,0.495,12,19,0.632,20,44,64,35,13,6,12,33,115,mannte01
251,Paul Reed,C,24,PHI,23,1,322,51,87,0.586,4,10,0.4,47,77,0.61,0.609,9,12,0.75,39,59,98,23,10,13,22,49,115,reedpa01
252,Anfernee Simons,SG,24,POR,4,4,138,36,85,0.424,17,40,0.425,19,45,0.422,0.524,25,25,1,4,5,9,20,3,1,10,10,114,simonan01
253,Jae'Sean Tate,SF,28,HOU,20,0,356,45,89,0.506,14,39,0.359,31,50,0.62,0.584,9,13,0.692,20,52,72,23,18,6,8,48,113,tateja01
254,Keita Bates-Diop,SF,28,PHO,21,8,373,39,98,0.398,10,39,0.256,29,59,0.492,0.449,23,32,0.719,20,45,65,19,12,15,6,20,111,bateske01
255,Patrick Beverley,PG,35,PHI,23,1,408,41,94,0.436,16,50,0.32,25,44,0.568,0.521,13,20,0.65,20,49,69,56,11,6,16,43,111,beverpa01
256,Trendon Watford,PF,23,BRK,16,0,232,45,84,0.536,5,16,0.313,40,68,0.588,0.565,16,17,0.941,17,40,57,28,9,3,17,34,111,watfotr01
257,Skylar Mays,PG,26,POR,14,5,273,43,106,0.406,12,41,0.293,31,65,0.477,0.462,11,13,0.846,4,20,24,63,11,2,15,19,109,mayssk01
258,Duop Reath,C,27,POR,14,4,222,37,91,0.407,20,59,0.339,17,32,0.531,0.516,14,16,0.875,12,23,35,19,9,4,10,29,108,reathdu01
259,Peyton Watson,SF,21,DEN,23,0,370,43,93,0.462,4,22,0.182,39,71,0.549,0.484,18,27,0.667,11,35,46,20,12,22,14,34,108,watsope01
260,Bones Hyland,PG,23,LAC,13,2,210,39,96,0.406,19,52,0.365,20,44,0.455,0.505,9,10,0.9,2,13,15,25,7,0,19,22,106,hylanbo01
261,MarJon Beauchamp,SF,23,MIL,20,0,323,40,83,0.482,16,37,0.432,24,46,0.522,0.578,9,16,0.563,13,36,49,17,5,4,14,34,105,beaucma01
262,Troy Brown Jr.,SF,24,MIN,18,3,289,34,78,0.436,19,53,0.358,15,25,0.6,0.558,17,20,0.85,12,41,53,18,6,2,9,16,104,browntr01
263,Pat Connaughton,SF,31,MIL,18,0,416,38,90,0.422,20,59,0.339,18,31,0.581,0.533,8,12,0.667,12,51,63,36,9,3,14,19,104,connapa01
264,Nicolas Batum,PF,35,TOT,17,11,409,36,63,0.571,24,49,0.49,12,14,0.857,0.762,7,11,0.636,15,46,61,33,10,13,7,33,103,batumni01
265,Bismack Biyombo,C,31,MEM,18,16,437,42,73,0.575,0,0,,42,73,0.575,0.575,19,36,0.528,42,78,120,36,6,21,23,53,103,biyombi01
266,Bojan Bogdanović,PF,34,DET,5,4,156,35,73,0.479,16,39,0.41,19,34,0.559,0.589,17,24,0.708,1,10,11,14,9,0,8,5,103,bogdabo02
267,Jonathan Isaac,PF,26,ORL,16,0,215,35,79,0.443,9,38,0.237,26,41,0.634,0.5,23,29,0.793,19,52,71,5,15,19,10,21,102,isaacjo01
268,Aaron Wiggins,SG,25,OKC,20,0,241,38,63,0.603,11,23,0.478,27,40,0.675,0.69,15,21,0.714,11,30,41,14,9,1,10,21,102,wiggiaa01
269,Anthony Black,PG,20,ORL,21,17,403,39,79,0.494,7,26,0.269,32,53,0.604,0.538,16,25,0.64,11,36,47,30,8,8,21,44,101,blackan01
270,Craig Porter Jr.,PG,23,CLE,14,1,200,40,73,0.548,3,7,0.429,37,66,0.561,0.568,18,26,0.692,3,23,26,34,9,6,14,15,101,portecr01
271,Haywood Highsmith,PF,27,MIA,15,14,334,35,82,0.427,16,49,0.327,19,33,0.576,0.524,11,13,0.846,9,32,41,23,17,11,15,32,97,highsha01
272,JaVale McGee,C,36,SAC,20,0,181,43,64,0.672,0,1,0,43,63,0.683,0.672,11,20,0.55,26,41,67,9,5,11,19,25,97,mcgeeja01
273,Isaac Okoro,SF,23,CLE,15,5,360,36,80,0.45,10,31,0.323,26,49,0.531,0.513,13,21,0.619,17,31,48,21,15,7,12,34,95,okorois01
274,Max Christie,SG,20,LAL,20,5,337,35,87,0.402,13,42,0.31,22,45,0.489,0.477,10,14,0.714,3,51,54,21,8,4,14,29,93,chrisma02
275,Nassir Little,PF,23,PHO,17,0,256,33,67,0.493,13,38,0.342,20,29,0.69,0.59,14,16,0.875,10,31,41,14,9,8,8,21,93,littlna01
276,Daniel Theis,C,31,TOT,13,0,214,39,85,0.459,6,15,0.4,33,70,0.471,0.494,5,10,0.5,23,29,52,12,5,12,7,32,89,theisda01
277,Yuta Watanabe,SF,29,PHO,18,0,320,28,80,0.35,23,66,0.348,5,14,0.357,0.494,9,13,0.692,10,29,39,10,7,7,14,29,88,watanyu01
278,Seth Curry,SG,33,DAL,19,3,231,31,77,0.403,17,44,0.386,14,33,0.424,0.513,8,9,0.889,10,19,29,18,11,3,5,14,87,curryse01
279,Dennis Smith Jr.,PG,26,BRK,13,0,229,34,80,0.425,7,22,0.318,27,58,0.466,0.469,12,14,0.857,11,28,39,45,11,3,12,28,87,smithde03
280,Chris Duarte,SF,26,SAC,20,5,272,29,75,0.387,14,45,0.311,15,30,0.5,0.48,14,18,0.778,4,32,36,18,12,2,11,48,86,duartch01
281,Trey Murphy III,SF,23,NOP,5,0,131,29,57,0.509,16,37,0.432,13,20,0.65,0.649,11,14,0.786,1,16,17,8,3,3,2,2,85,murphtr02
282,Xavier Tillman Sr.,C,25,MEM,12,5,245,36,87,0.414,8,27,0.296,28,60,0.467,0.46,5,14,0.357,17,35,52,20,18,9,11,21,85,tillmxa01
283,Isaiah Jackson,C,22,IND,14,0,187,32,51,0.627,0,1,0,32,50,0.64,0.627,20,28,0.714,19,40,59,11,7,21,7,40,84,jacksis01
284,Marcus Morris,PF,34,PHI,16,3,204,32,64,0.5,14,28,0.5,18,36,0.5,0.609,5,5,1,7,34,41,10,5,7,5,27,83,morrima03
285,Gary Payton II,SG,31,GSW,14,0,242,34,71,0.479,9,28,0.321,25,43,0.581,0.542,6,9,0.667,15,29,44,13,17,4,9,26,83,paytoga02
286,Dwight Powell,C,32,DAL,20,1,285,25,35,0.714,1,1,1,24,34,0.706,0.729,32,40,0.8,24,35,59,30,9,8,9,38,83,poweldw01
287,Bradley Beal,SG,30,PHO,5,5,147,29,67,0.433,8,20,0.4,21,47,0.447,0.493,16,23,0.696,3,17,20,18,4,2,14,13,82,bealbr01
288,Julian Champagnie,SF,22,SAS,16,5,219,27,77,0.351,20,56,0.357,7,21,0.333,0.481,8,11,0.727,5,22,27,14,7,10,13,15,82,champju02
289,Vince Williams Jr.,SG,23,MEM,15,1,247,22,50,0.44,15,40,0.375,7,10,0.7,0.59,19,23,0.826,10,48,58,17,5,7,8,34,78,willivi01
290,Thomas Bryant,C,26,MIA,15,3,187,32,61,0.525,0,3,0,32,58,0.552,0.525,13,16,0.813,19,41,60,9,6,4,13,19,77,bryanth01
291,Bryce McGowens,SG,21,CHO,17,1,268,25,55,0.455,15,34,0.441,10,21,0.476,0.591,11,14,0.786,5,25,30,15,6,2,9,25,76,mcgowbr01
292,Orlando Robinson,C,23,MIA,10,5,184,30,53,0.566,7,9,0.778,23,44,0.523,0.632,9,12,0.75,15,39,54,22,5,7,12,24,76,robinor01
293,Stanley Umude,SG,24,DET,15,0,155,20,44,0.455,14,27,0.519,6,17,0.353,0.614,21,23,0.913,3,25,28,8,4,5,10,24,75,umudest01
294,Omer Yurtseven,C,25,UTA,17,6,206,33,61,0.541,3,13,0.231,30,48,0.625,0.566,6,8,0.75,27,56,83,12,3,8,17,28,75,yurtsom01
295,Luke Kornet,C,28,BOS,17,0,220,32,43,0.744,0,0,,32,43,0.744,0.744,10,12,0.833,25,31,56,10,8,13,6,19,74,kornelu01
296,James Wiseman,C,22,DET,14,0,164,32,48,0.667,0,1,0,32,47,0.681,0.667,10,17,0.588,15,30,45,5,3,9,12,31,74,wisemja01
297,Jose Alvarado,PG,25,NOP,11,0,184,27,66,0.409,15,36,0.417,12,30,0.4,0.523,4,10,0.4,5,18,23,24,14,4,12,16,73,alvarjo01
298,Jae Crowder,PF,33,MIL,9,2,240,25,47,0.532,16,31,0.516,9,16,0.563,0.702,7,12,0.583,4,31,35,15,7,3,4,14,73,crowdja01
299,Zeke Nnaji,PF,23,DEN,20,0,211,26,53,0.491,3,8,0.375,23,45,0.511,0.519,18,29,0.621,24,24,48,9,3,12,11,29,73,nnajize01
300,Davion Mitchell,PG,25,SAC,17,3,255,25,73,0.342,12,43,0.279,13,30,0.433,0.425,10,11,0.909,2,16,18,40,5,2,13,24,72,mitchda01
301,Jaylin Williams,C,21,OKC,17,0,216,24,64,0.375,13,38,0.342,11,26,0.423,0.477,11,12,0.917,9,47,56,23,6,2,8,27,72,willija07
302,Trey Lyles,PF,28,SAC,9,0,180,23,54,0.426,13,39,0.333,10,15,0.667,0.546,12,19,0.632,9,40,49,15,1,2,7,17,71,lylestr01
303,Dean Wade,PF,27,CLE,17,10,352,23,62,0.371,19,56,0.339,4,6,0.667,0.524,5,8,0.625,21,52,73,14,17,4,8,37,70,wadede01
304,Kris Dunn,PG,29,UTA,16,1,194,28,60,0.467,7,16,0.438,21,44,0.477,0.525,6,10,0.6,7,28,35,41,9,1,16,24,69,dunnkr01
305,Justin Holiday,SG,34,DEN,14,4,203,26,43,0.605,16,30,0.533,10,13,0.769,0.791,0,0,,4,18,22,16,7,0,3,19,68,holidju01
306,Jaxson Hayes,C,23,LAL,22,0,243,27,42,0.643,0,4,0,27,38,0.711,0.643,12,22,0.545,10,29,39,8,5,9,15,44,66,hayesja02
307,Luke Kennard,SG,27,MEM,8,0,172,21,58,0.362,17,46,0.37,4,12,0.333,0.509,7,7,1,3,20,23,16,5,1,5,4,66,kennalu01
308,Eugene Omoruyi,SF,26,WAS,13,0,81,24,39,0.615,5,12,0.417,19,27,0.704,0.679,13,17,0.765,9,13,22,8,6,1,8,12,66,omorueu01
309,JT Thor,PF,21,CHO,19,1,305,26,66,0.394,12,37,0.324,14,29,0.483,0.485,0,4,0,14,36,50,10,6,6,5,24,64,thorjt01
310,Charles Bassey,C,23,SAS,19,0,205,29,40,0.725,0,1,0,29,39,0.744,0.725,5,6,0.833,23,53,76,21,8,17,15,31,63,bassech01
311,John Konchar,SF,27,MEM,19,2,335,23,63,0.365,13,39,0.333,10,24,0.417,0.468,4,6,0.667,20,55,75,27,14,13,8,19,63,konchjo01
312,Kenrich Williams,PF,29,OKC,12,0,181,25,47,0.532,10,22,0.455,15,25,0.6,0.638,3,10,0.3,8,25,33,18,5,2,3,22,63,willike04
313,Gradey Dick,SG,20,TOR,16,1,225,18,64,0.281,10,41,0.244,8,23,0.348,0.359,14,14,1,7,15,22,15,4,0,12,24,60,dickgr01
314,Kevin Knox,SF,24,DET,9,2,141,23,46,0.5,10,25,0.4,13,21,0.619,0.609,4,5,0.8,5,19,24,5,4,2,9,12,60,knoxke01
315,Chimezie Metu,C,26,PHO,14,2,147,23,46,0.5,8,21,0.381,15,25,0.6,0.587,6,8,0.75,6,22,28,5,6,5,5,18,60,metuch01
316,Jacob Gilyard,PG,25,MEM,17,7,249,20,46,0.435,17,41,0.415,3,5,0.6,0.62,1,1,1,6,12,18,48,9,1,8,16,58,gilyaja01
317,Markelle Fultz,PG,25,ORL,5,5,143,27,56,0.482,0,3,0,27,53,0.509,0.482,3,4,0.75,8,9,17,20,6,2,6,6,57,fultzma01
318,Isaiah Livers,PF,25,DET,10,1,210,19,59,0.322,12,41,0.293,7,18,0.389,0.424,7,9,0.778,4,17,21,12,4,0,10,16,57,liveris01
319,Keon Ellis,SG,24,SAC,15,2,174,18,42,0.429,11,34,0.324,7,8,0.875,0.56,8,13,0.615,4,15,19,13,8,5,10,16,55,elliske01
320,Ousmane Dieng,PF,20,OKC,13,0,149,19,44,0.432,10,30,0.333,9,14,0.643,0.545,6,8,0.75,6,19,25,14,1,0,5,9,54,diengou01
321,Théo Maledon,PG,22,CHO,13,1,200,19,66,0.288,5,30,0.167,14,36,0.389,0.326,11,12,0.917,4,19,23,28,7,0,15,18,54,maledth01
322,Ish Smith,PG,35,CHO,16,0,251,26,44,0.591,2,4,0.5,24,40,0.6,0.614,0,0,,4,22,26,42,6,1,23,18,54,smithis01
323,Tristan Thompson,PF,32,CLE,19,0,194,23,33,0.697,0,0,,23,33,0.697,0.697,7,17,0.412,26,34,60,14,2,8,9,15,53,thomptr01
324,A.J. Green,SG,24,MIL,16,0,124,18,41,0.439,15,35,0.429,3,6,0.5,0.622,1,1,1,2,12,14,12,0,0,0,10,52,greenaj01
325,DeAndre Jordan,C,35,DEN,9,1,134,20,34,0.588,0,0,,20,34,0.588,0.588,11,31,0.355,16,30,46,11,4,4,10,17,51,jordade01
326,Jaylen Nowell,SG,24,MEM,9,1,156,22,55,0.4,4,23,0.174,18,32,0.563,0.436,3,3,1,3,11,14,16,3,0,5,13,51,nowelja01
327,Larry Nance Jr.,C,31,NOP,14,0,211,21,42,0.5,3,11,0.273,18,31,0.581,0.536,4,8,0.5,18,40,58,10,9,4,13,19,49,nancela02
328,Danuel House Jr.,SF,30,PHI,12,0,144,16,38,0.421,7,21,0.333,9,17,0.529,0.513,9,12,0.75,4,11,15,10,5,1,9,10,48,houseda01
329,Wendell Carter Jr.,C,24,ORL,5,5,147,17,45,0.378,5,16,0.313,12,29,0.414,0.433,8,14,0.571,11,32,43,8,3,2,8,14,47,cartewe01
330,Jaden Springer,SG,21,PHI,13,0,143,16,44,0.364,4,14,0.286,12,30,0.4,0.409,10,14,0.714,12,10,22,12,7,6,13,22,46,sprinja01
331,Jared Butler,SG,23,WAS,11,0,95,15,33,0.455,5,16,0.313,10,17,0.588,0.53,10,12,0.833,0,8,8,21,7,1,9,14,45,butleja02
332,Mo Bamba,C,25,PHI,12,0,74,16,32,0.5,3,8,0.375,13,24,0.542,0.547,8,10,0.8,16,14,30,3,1,9,7,9,43,bambamo01
333,Johnny Davis,SG,21,WAS,14,0,128,19,40,0.475,1,3,0.333,18,37,0.486,0.488,4,5,0.8,8,11,19,5,7,1,5,10,43,davisjo06
334,Caleb Houstan,SF,21,ORL,14,0,132,13,29,0.448,12,27,0.444,1,2,0.5,0.655,4,4,1,3,17,20,6,2,0,3,11,42,houstca01
335,Trayce Jackson-Davis,PF,23,GSW,14,0,109,13,23,0.565,0,0,,13,23,0.565,0.565,15,25,0.6,11,12,23,6,3,8,6,19,41,jackstr02
336,Robert Williams,C,26,POR,6,0,119,17,26,0.654,0,0,,17,26,0.654,0.654,7,9,0.778,11,27,38,5,7,7,7,17,41,williro04
337,Kira Lewis Jr.,PG,22,NOP,13,0,131,15,47,0.319,2,17,0.118,13,30,0.433,0.34,8,9,0.889,3,8,11,18,5,1,6,8,40,lewiski01
338,Jordan Nwora,SF,25,IND,6,0,79,16,36,0.444,5,16,0.313,11,20,0.55,0.514,3,4,0.75,7,10,17,7,5,1,8,8,40,nworajo01
339,Jeremiah Robinson-Earl,PF,23,NOP,10,1,107,14,29,0.483,6,11,0.545,8,18,0.444,0.586,6,6,1,10,16,26,6,2,0,6,9,40,robinje02
340,Delon Wright,PG,31,WAS,8,0,141,11,30,0.367,4,11,0.364,7,19,0.368,0.433,14,16,0.875,3,17,20,35,13,1,4,6,40,wrighde01
341,Kenneth Lofton Jr.,PF,21,MEM,15,0,99,14,37,0.378,3,10,0.3,11,27,0.407,0.419,8,15,0.533,2,13,15,14,3,3,6,15,39,loftoke01
342,Sam Merrill,SG,27,CLE,12,0,102,13,36,0.361,13,31,0.419,0,5,0,0.542,0,0,,4,8,12,8,2,0,3,10,39,merrisa01
343,Ben Simmons,PG,27,BRK,6,6,191,19,36,0.528,0,0,,19,36,0.528,0.528,1,4,0.25,16,49,65,40,3,5,15,16,39,simmobe01
344,Dru Smith,SG,26,MIA,9,0,131,15,33,0.455,7,17,0.412,8,16,0.5,0.561,2,2,1,6,8,14,14,9,3,5,12,39,smithdr01
345,Tre Mann,PG,22,OKC,8,0,85,16,32,0.5,5,13,0.385,11,19,0.579,0.578,1,1,1,3,14,17,12,3,0,7,3,38,manntr01
346,Luka Šamanić,PF,24,UTA,11,0,79,16,39,0.41,4,17,0.235,12,22,0.545,0.462,2,2,1,3,21,24,3,1,2,6,8,38,samanlu01
347,Anthony Gill,PF,31,WAS,14,0,93,13,28,0.464,0,5,0,13,23,0.565,0.464,11,14,0.786,8,14,22,7,3,4,9,10,37,gillan01
348,Andre Jackson Jr.,SG,22,MIL,18,3,144,15,24,0.625,6,12,0.5,9,12,0.75,0.75,0,0,,11,11,22,13,5,0,8,28,36,jacksan01
349,Dāvis Bertāns,PF,31,OKC,8,0,66,7,18,0.389,7,17,0.412,0,1,0,0.583,14,15,0.933,0,5,5,6,2,2,0,9,35,bertada01
350,Richaun Holmes,C,30,DAL,12,1,130,14,28,0.5,0,0,,14,28,0.5,0.5,7,15,0.467,18,28,46,7,1,6,9,20,35,holmeri01
351,Wesley Matthews,SG,37,ATL,13,1,148,8,32,0.25,6,26,0.231,2,6,0.333,0.344,13,17,0.765,4,14,18,9,8,1,4,18,35,matthwe02
352,Mike Muscala,C,32,WAS,11,2,128,12,31,0.387,5,19,0.263,7,12,0.583,0.468,6,8,0.75,5,19,24,9,2,3,8,11,35,muscami01
353,Cody Zeller,C,31,NOP,20,0,189,11,34,0.324,0,1,0,11,33,0.333,0.324,13,24,0.542,22,35,57,21,4,2,6,24,35,zelleco01
354,Jamal Cain,PF,24,MIA,7,0,105,13,29,0.448,4,15,0.267,9,14,0.643,0.517,4,7,0.571,5,7,12,1,6,1,2,5,34,cainja01
355,Olivier-Maxence Prosper,PF,21,DAL,13,0,112,10,28,0.357,5,19,0.263,5,9,0.556,0.446,9,14,0.643,4,16,20,8,1,1,1,8,34,prospol01
356,Furkan Korkmaz,SG,26,PHI,16,0,118,11,31,0.355,4,16,0.25,7,15,0.467,0.419,7,9,0.778,1,7,8,8,10,0,7,8,33,korkmfu01
357,Ben Sheppard,SG,22,IND,10,0,64,12,28,0.429,7,18,0.389,5,10,0.5,0.554,2,2,1,1,4,5,5,2,0,1,8,33,sheppbe01
358,Dalano Banton,PG,24,BOS,11,1,91,13,27,0.481,1,7,0.143,12,20,0.6,0.5,5,6,0.833,10,15,25,5,2,2,5,12,32,bantoda01
359,Jalen McDaniels,SF,26,TOR,15,0,138,13,46,0.283,4,22,0.182,9,24,0.375,0.326,2,2,1,4,14,18,9,5,3,6,13,32,mcdanja01
360,Ryan Rollins,PG,21,WAS,8,0,49,9,18,0.5,1,2,0.5,8,16,0.5,0.528,13,16,0.813,2,8,10,10,8,2,7,6,32,rolliry01
361,Nick Smith Jr.,SG,19,CHO,8,0,57,12,25,0.48,8,12,0.667,4,13,0.308,0.64,0,0,,2,3,5,2,1,2,2,5,32,smithni01
362,Kobe Brown,PF,24,LAC,14,0,145,12,34,0.353,6,22,0.273,6,12,0.5,0.441,1,2,0.5,6,22,28,7,1,3,2,27,31,brownko01
363,AJ Griffin,SF,20,ATL,12,0,110,10,34,0.294,8,25,0.32,2,9,0.222,0.412,2,2,1,2,10,12,4,1,0,4,6,30,griffaj01
364,Mason Plumlee,C,33,LAC,6,0,102,12,19,0.632,0,0,,12,19,0.632,0.632,6,14,0.429,8,25,33,6,4,1,5,6,30,plumlma01
365,Taylor Hendricks,PF,20,UTA,6,0,103,11,29,0.379,5,17,0.294,6,12,0.5,0.466,2,3,0.667,4,7,11,3,6,5,4,9,29,hendrita01
366,Colby Jones,SG,21,SAC,10,0,71,13,28,0.464,1,8,0.125,12,20,0.6,0.482,2,3,0.667,6,8,14,2,2,1,4,10,29,jonesco02
367,Vasilije Micić,PG,30,OKC,9,0,114,10,29,0.345,5,17,0.294,5,12,0.417,0.431,4,6,0.667,0,5,5,27,2,0,10,6,29,micicva01
368,Kris Murray,SF,23,POR,12,0,128,10,30,0.333,6,19,0.316,4,11,0.364,0.433,3,5,0.6,5,13,18,4,8,1,1,10,29,murrakr01
369,Otto Porter Jr.,SF,30,TOR,11,1,130,10,26,0.385,7,19,0.368,3,7,0.429,0.519,1,1,1,6,18,24,3,4,4,2,12,28,porteot01
370,Moussa Diabaté,C,22,LAC,9,0,55,9,18,0.5,0,0,,9,18,0.5,0.5,9,12,0.75,14,5,19,4,4,0,2,4,27,diabamo01
371,Miles McBride,PG,23,NYK,14,0,67,10,20,0.5,6,15,0.4,4,5,0.8,0.65,1,2,0.5,1,2,3,6,4,0,0,8,27,mcbrimi01
372,Amen Thompson,SF,21,HOU,5,0,77,10,24,0.417,2,12,0.167,8,12,0.667,0.458,5,8,0.625,3,13,16,7,2,1,6,10,27,thompam01
373,Jock Landale,C,28,HOU,14,0,123,10,28,0.357,2,10,0.2,8,18,0.444,0.393,4,4,1,11,15,26,8,4,3,8,11,26,landajo01
374,Lindy Waters III,SG,26,OKC,9,0,70,9,22,0.409,8,21,0.381,1,1,1,0.591,0,0,,1,5,6,6,0,1,0,6,26,waterli01
375,Jalen Pickett,SG,24,DEN,11,0,74,9,20,0.45,5,14,0.357,4,6,0.667,0.575,2,2,1,1,9,10,7,3,0,6,7,25,pickeja02
376,Kessler Edwards,SF,23,SAC,17,0,102,9,24,0.375,5,15,0.333,4,9,0.444,0.479,1,2,0.5,3,12,15,5,2,2,1,9,24,edwarke02
377,Joe Harris,SG,32,DET,8,0,101,9,26,0.346,6,19,0.316,3,7,0.429,0.462,0,0,,2,5,7,6,2,1,3,12,24,harrijo01
378,KJ Martin,SF,23,TOT,13,0,95,10,24,0.417,1,6,0.167,9,18,0.5,0.438,3,6,0.5,4,11,15,6,6,1,5,15,24,martike04
379,Gabe Vincent,PG,27,LAL,4,0,113,11,28,0.393,1,14,0.071,10,14,0.714,0.411,1,2,0.5,2,2,4,12,6,0,2,10,24,vincega01
380,Harry Giles,C,25,BRK,4,0,21,10,14,0.714,1,4,0.25,9,10,0.9,0.75,2,4,0.5,2,2,4,0,0,1,1,3,23,gilesha01
381,A.J. Lawson,SG,23,DAL,6,0,50,9,23,0.391,3,14,0.214,6,9,0.667,0.457,2,4,0.5,2,2,4,3,0,1,1,2,23,lawsoaj01
382,Cory Joseph,PG,32,GSW,11,0,121,7,28,0.25,4,19,0.211,3,9,0.333,0.321,4,7,0.571,2,8,10,24,3,1,5,10,22,josepco01
383,Reggie Bullock,SF,32,HOU,10,0,89,7,19,0.368,6,17,0.353,1,2,0.5,0.526,1,1,1,2,11,13,3,1,1,2,7,21,bullore01
384,Jake LaRavia,PF,22,MEM,6,0,77,9,26,0.346,2,15,0.133,7,11,0.636,0.385,1,2,0.5,3,5,8,4,1,0,3,11,21,laravja01
385,Garrison Mathews,SG,27,ATL,11,1,92,7,19,0.368,7,19,0.368,0,0,,0.553,0,0,,2,9,11,2,4,0,2,10,21,mathega01
386,Collin Gillespie,PG,24,DEN,10,0,81,8,19,0.421,3,12,0.25,5,7,0.714,0.5,1,1,1,0,3,3,8,5,0,4,9,20,gilleco01
387,P.J. Tucker,PF,38,TOT,15,3,239,6,19,0.316,5,16,0.313,1,3,0.333,0.447,3,3,1,16,27,43,8,9,3,4,35,20,tuckepj01
388,Jarace Walker,PF,20,IND,6,0,47,8,21,0.381,1,7,0.143,7,14,0.5,0.405,3,3,1,1,7,8,8,2,3,2,8,20,walkeja02
389,Cam Whitmore,SF,19,HOU,5,0,32,7,15,0.467,1,5,0.2,6,10,0.6,0.5,5,10,0.5,1,7,8,2,1,0,2,2,20,whitmca01
390,Armoni Brooks,PG,25,BRK,6,0,49,7,18,0.389,5,13,0.385,2,5,0.4,0.528,0,0,,2,8,10,1,0,0,1,1,19,brookar01
391,Sandro Mamukelashvili,C,24,SAS,8,0,59,6,15,0.4,2,7,0.286,4,8,0.5,0.467,5,6,0.833,6,8,14,8,2,1,3,9,19,mamuksa01
392,Markieff Morris,PF,34,DAL,7,0,63,7,24,0.292,5,16,0.313,2,8,0.25,0.396,0,0,,3,8,11,5,3,1,5,4,19,morrima02
393,Maxi Kleber,C,32,DAL,5,1,90,4,16,0.25,3,9,0.333,1,7,0.143,0.344,6,10,0.6,4,17,21,10,1,1,4,8,17,klebima01
394,Josh Minott,SF,21,MIN,10,0,25,7,13,0.538,0,5,0,7,8,0.875,0.538,3,5,0.6,1,2,3,1,0,1,0,4,17,minotjo01
395,Svi Mykhailiuk,SF,26,BOS,8,0,59,6,17,0.353,4,14,0.286,2,3,0.667,0.471,0,0,,1,4,5,1,3,0,4,4,16,mykhasv01
396,Cole Swider,SF,24,MIA,3,0,29,6,14,0.429,4,11,0.364,2,3,0.667,0.571,0,0,,0,1,1,3,1,1,1,1,16,swideco01
397,Patrick Baldwin Jr.,SF,21,WAS,6,0,36,4,11,0.364,3,5,0.6,1,6,0.167,0.5,4,4,1,2,7,9,3,0,1,0,4,15,baldwpa01
398,Alex Len,C,30,SAC,6,0,41,6,8,0.75,0,1,0,6,7,0.857,0.75,3,7,0.429,7,9,16,5,1,5,2,2,15,lenal01
399,Oshae Brissett,SF,25,BOS,9,0,90,3,17,0.176,1,9,0.111,2,8,0.25,0.206,7,12,0.583,8,13,21,3,4,0,2,9,14,brissos01
400,Amir Coffey,SF,26,LAC,11,0,67,5,13,0.385,0,3,0,5,10,0.5,0.385,4,4,1,3,5,8,3,1,0,2,5,14,coffeam01
401,Jalen Hood-Schifino,SG,20,LAL,5,0,52,4,18,0.222,1,8,0.125,3,10,0.3,0.25,5,10,0.5,1,5,6,4,0,1,4,7,14,hoodsja01
402,Nikola Jović,PF,20,MIA,4,1,48,4,12,0.333,3,7,0.429,1,5,0.2,0.458,3,4,0.75,1,22,23,9,1,0,5,9,14,jovicni01
403,Dereon Seabron,SG,23,NOP,5,0,52,4,13,0.308,1,2,0.5,3,11,0.273,0.346,5,6,0.833,1,6,7,4,2,1,0,4,14,seabrde01
404,Luka Garza,C,25,MIN,5,0,16,4,11,0.364,0,2,0,4,9,0.444,0.364,5,8,0.625,3,3,6,1,0,0,1,4,13,garzalu01
405,Chuma Okeke,SF,25,ORL,10,0,50,5,14,0.357,3,10,0.3,2,4,0.5,0.464,0,0,,3,8,11,3,1,0,3,0,13,okekech01
406,Jared Rhoden,SG,24,DET,5,0,30,5,9,0.556,1,4,0.25,4,5,0.8,0.611,2,2,1,1,3,4,3,0,0,2,4,13,rhodeja01
407,Jeenathan Williams,SG,24,HOU,4,0,22,6,11,0.545,0,2,0,6,9,0.667,0.545,1,2,0.5,0,0,0,2,1,0,0,2,13,willije02
408,Emoni Bates,SF,20,CLE,7,0,52,4,15,0.267,3,12,0.25,1,3,0.333,0.367,1,2,0.5,1,8,9,2,1,1,1,2,12,batesem01
409,Moses Brown,C,24,POR,4,0,30,6,12,0.5,0,0,,6,12,0.5,0.5,0,2,0,8,9,17,1,1,1,1,2,12,brownmo01
410,Jordan Ford,PG,25,SAC,6,0,22,4,7,0.571,2,3,0.667,2,4,0.5,0.714,2,2,1,0,2,2,2,0,0,1,0,12,fordjo01
411,Neemias Queta,C,24,BOS,3,0,31,4,10,0.4,0,0,,4,10,0.4,0.4,4,5,0.8,8,9,17,0,1,0,2,2,12,quetane01
412,Olivier Sarr,C,24,OKC,5,0,54,3,6,0.5,2,3,0.667,1,3,0.333,0.667,4,6,0.667,4,16,20,1,0,5,2,10,12,sarrol01
413,Dalen Terry,SG,21,CHI,9,0,49,4,13,0.308,2,8,0.25,2,5,0.4,0.385,2,4,0.5,2,8,10,6,0,3,1,5,12,terryda01
414,Julian Phillips,SF,20,CHI,14,0,69,5,17,0.294,0,8,0,5,9,0.556,0.294,1,4,0.25,2,8,10,6,1,0,2,9,11,phillju01
415,Jericho Sims,C,25,NYK,11,2,64,5,7,0.714,0,0,,5,7,0.714,0.714,1,3,0.333,5,14,19,2,0,1,2,6,11,simsje01
416,Garrett Temple,SG,37,TOR,5,0,16,4,5,0.8,1,1,1,3,4,0.75,0.9,2,2,1,0,2,2,2,1,0,0,0,11,templga01
417,Jamaree Bouyea,PG,24,POR,6,0,57,5,21,0.238,0,8,0,5,13,0.385,0.238,0,0,,2,8,10,8,0,0,8,3,10,bouyeja01
418,Trent Forrest,SG,25,ATL,5,0,43,3,9,0.333,0,0,,3,9,0.333,0.333,4,4,1,2,0,2,8,0,0,2,4,10,forretr01
419,Saben Lee,PG,24,PHO,4,0,11,4,7,0.571,0,1,0,4,6,0.667,0.571,2,2,1,2,1,3,3,0,1,0,1,10,leesa01
420,Boban Marjanović,C,35,HOU,3,0,20,5,9,0.556,0,1,0,5,8,0.625,0.556,0,1,0,2,6,8,3,0,1,0,2,10,marjabo01
421,Nate Hinton,SG,24,HOU,4,0,16,3,6,0.5,3,3,1,0,3,0,0.75,0,0,,1,2,3,0,0,0,0,2,9,hintona01
422,D'Moi Hodge,SG,25,LAL,6,0,33,3,12,0.25,2,10,0.2,1,2,0.5,0.333,1,2,0.5,0,0,0,2,1,1,1,4,9,hodgedm01
423,Damian Jones,C,28,CLE,11,0,54,4,8,0.5,0,0,,4,8,0.5,0.5,1,2,0.5,4,7,11,3,1,2,4,4,9,jonesda03
424,Lamar Stevens,PF,26,BOS,6,0,20,4,7,0.571,1,1,1,3,6,0.5,0.643,0,0,,4,2,6,2,1,1,3,4,9,stevela01
425,Thanasis Antetokounmpo,PF,31,MIL,9,0,48,4,9,0.444,0,0,,4,9,0.444,0.444,0,0,,3,2,5,4,2,1,5,7,8,antetth01
426,Dominick Barlow,PF,20,SAS,7,0,35,3,7,0.429,0,0,,3,7,0.429,0.429,2,4,0.5,0,5,5,0,1,0,0,2,8,barlodo01
427,Devonte' Graham,PG,28,SAS,3,0,36,2,7,0.286,0,4,0,2,3,0.667,0.286,4,5,0.8,1,1,2,11,2,1,2,2,8,grahade01
428,Jett Howard,SF,20,ORL,6,0,28,3,12,0.25,1,9,0.111,2,3,0.667,0.292,1,2,0.5,1,2,3,3,0,0,2,1,8,howarje01
429,Jordan McLaughlin,PG,27,MIN,6,0,27,2,5,0.4,2,3,0.667,0,2,0,0.6,2,2,1,0,0,0,6,1,2,0,2,8,mclaujo01
430,Daishen Nix,PG,21,MIN,6,0,21,3,8,0.375,2,5,0.4,1,3,0.333,0.5,0,2,0,0,1,1,0,1,0,0,0,8,nixda01
431,Bruno Fernando,C,25,ATL,5,0,16,3,9,0.333,0,1,0,3,8,0.375,0.333,1,1,1,3,1,4,0,0,0,4,3,7,fernabr01
432,DaQuan Jeffries,SG,26,NYK,7,0,19,3,8,0.375,1,4,0.25,2,4,0.5,0.438,0,2,0,0,3,3,1,0,0,1,1,7,jeffrda01
433,Justin Minaya,SF,24,POR,6,0,38,2,6,0.333,2,4,0.5,0,2,0,0.5,1,2,0.5,4,1,5,0,0,1,1,2,7,minayju01
434,Admiral Schofield,PF,26,ORL,6,0,22,3,9,0.333,1,6,0.167,2,3,0.667,0.389,0,2,0,0,3,3,1,0,0,3,5,7,schofad01
435,Blake Wesley,SG,20,SAS,5,0,24,3,8,0.375,0,1,0,3,7,0.429,0.375,1,2,0.5,1,1,2,5,0,1,1,3,7,weslebl01
436,Colin Castleton,C,23,LAL,3,0,23,2,5,0.4,0,0,,2,5,0.4,0.4,2,2,1,3,3,6,2,0,0,0,5,6,castlco01
437,Patty Mills,PG,35,ATL,2,0,22,2,6,0.333,2,4,0.5,0,2,0,0.5,0,0,,0,2,2,2,1,1,1,2,6,millspa02
438,Aleksej Pokusevski,PF,22,OKC,7,0,43,2,11,0.182,1,8,0.125,1,3,0.333,0.227,1,2,0.5,2,6,8,5,0,1,3,5,6,pokusal01
439,Jermaine Samuels,SF,25,HOU,5,0,29,2,4,0.5,0,2,0,2,2,1,0.5,2,2,1,1,6,7,2,0,1,0,3,6,samueje01
440,Leaky Black,SF,24,CHO,4,0,17,2,5,0.4,1,2,0.5,1,3,0.333,0.5,0,0,,0,2,2,1,1,2,0,1,5,blackle01
441,James Bouknight,SG,23,CHO,1,0,5,2,3,0.667,1,2,0.5,1,1,1,0.833,0,0,,1,0,1,0,0,0,0,0,5,bouknja01
442,Chris Livingston,SF,20,MIL,3,0,12,2,3,0.667,1,1,1,1,2,0.5,0.833,0,0,,1,1,2,1,1,0,1,0,5,livinch01
443,Jordan Miller,SF,24,LAC,2,0,7,2,3,0.667,1,1,1,1,2,0.5,0.833,0,0,,0,0,0,0,0,0,0,2,5,millejo02
444,Lester Quinones,SG,23,GSW,2,0,9,2,6,0.333,1,4,0.25,1,2,0.5,0.417,0,0,,0,0,0,0,0,0,1,1,5,quinole01
445,Rayan Rupert,SG,19,POR,7,0,31,1,12,0.083,1,6,0.167,0,6,0,0.125,2,4,0.5,1,0,1,2,2,0,2,1,5,ruperra01
446,Jarred Vanderbilt,PF,24,LAL,4,0,60,2,7,0.286,0,4,0,2,3,0.667,0.286,1,2,0.5,5,13,18,4,2,2,1,4,5,vandeja01
447,Dexter Dennis,SG,24,DAL,2,0,7,2,6,0.333,0,3,0,2,3,0.667,0.333,0,1,0,1,1,2,0,0,0,0,0,4,dennide01
448,Alex Fudge,SF,20,LAL,4,0,14,1,6,0.167,0,2,0,1,4,0.25,0.167,2,2,1,2,0,2,0,0,0,1,1,4,fudgeal01
449,Ty Jerome,SG,26,CLE,2,0,15,2,4,0.5,0,1,0,2,3,0.667,0.5,0,0,,1,0,1,3,0,0,1,2,4,jeromty01
450,E.J. Liddell,PF,23,NOP,3,0,9,1,4,0.25,0,3,0,1,1,1,0.25,2,2,1,0,2,2,0,0,1,1,1,4,liddeej01
451,Gui Santos,PF,21,GSW,2,0,12,2,4,0.5,0,1,0,2,3,0.667,0.5,0,0,,2,2,4,1,0,0,2,2,4,santogu01
452,Jalen Slawson,SF,24,SAC,5,0,19,2,3,0.667,0,1,0,2,2,1,0.667,0,0,,0,4,4,2,0,1,2,3,4,slawsja01
453,Terry Taylor,PF,24,CHI,6,0,12,2,2,1,0,0,,2,2,1,1,0,0,,1,1,2,0,1,0,0,0,4,taylote01
454,Thaddeus Young,PF,35,TOR,3,0,10,2,4,0.5,0,0,,2,4,0.5,0.5,0,2,0,1,2,3,3,0,0,1,0,4,youngth01
455,Braxton Key,SF,26,DEN,6,0,15,1,5,0.2,0,2,0,1,3,0.333,0.2,1,2,0.5,0,3,3,5,0,0,0,3,3,keybr01
456,Maxwell Lewis,SF,21,LAL,11,0,52,1,9,0.111,1,3,0.333,0,6,0,0.167,0,0,,1,2,3,3,2,0,5,2,3,lewisma05
457,Filip Petrušev,C,23,TOT,3,0,10,1,2,0.5,0,0,,1,2,0.5,0.5,1,2,0.5,0,1,1,0,0,0,0,1,3,petrufi01
458,TyTy Washington Jr.,PG,22,MIL,2,0,6,1,3,0.333,1,2,0.5,0,1,0,0.5,0,0,,0,1,1,0,1,0,2,0,3,washity02
459,Dylan Windler,SF,27,NYK,3,0,7,1,2,0.5,1,2,0.5,0,0,,0.75,0,0,,0,1,1,1,0,0,0,1,3,windldy01
460,Udoka Azubuike,C,24,PHO,2,0,9,1,1,1,0,0,,1,1,1,1,0,0,,0,4,4,0,0,0,0,1,2,azubuud01
461,Amari Bailey,PG,19,CHO,1,0,3,1,3,0.333,0,0,,1,3,0.333,0.333,0,0,,2,0,2,0,0,0,0,0,2,baileam01
462,Jules Bernard,SG,24,WAS,2,0,10,1,5,0.2,0,3,0,1,2,0.5,0.2,0,0,,1,0,1,1,0,0,1,1,2,bernaju01
463,Bol Bol,PF,24,PHO,5,0,12,1,2,0.5,0,1,0,1,1,1,0.5,0,0,,0,3,3,0,0,1,2,1,2,bolbo01
464,Evan Fournier,SG,31,NYK,1,0,16,1,6,0.167,0,4,0,1,2,0.5,0.167,0,0,,0,1,1,1,1,0,0,2,2,fournev01
465,Shaquille Harrison,SG,30,MEM,3,0,6,1,2,0.5,0,0,,1,2,0.5,0.5,0,0,,0,2,2,0,0,1,0,0,2,harrish01
466,Jay Huff,C,25,DEN,2,0,2,1,1,1,0,0,,1,1,1,1,0,0,,0,0,0,0,0,0,0,0,2,huffja01
467,Robin Lopez,C,35,MIL,5,0,13,0,1,0,0,1,0,0,0,,0,2,2,1,0,0,0,1,0,0,1,3,2,lopezro01
468,Leonard Miller,SF,20,MIN,3,0,6,1,2,0.5,0,0,,1,2,0.5,0.5,0,0,,0,6,6,1,0,0,0,1,2,millele01
469,Isaiah Mobley,PF,24,CLE,2,0,10,1,3,0.333,0,1,0,1,2,0.5,0.333,0,0,,0,2,2,3,1,0,1,2,2,mobleis01
470,Xavier Moon,SG,29,LAC,1,0,7,1,2,0.5,0,1,0,1,1,1,0.5,0,0,,0,0,0,2,0,0,1,1,2,moonxa01
471,Markquis Nowell,SG,24,TOR,1,0,4,0,1,0,0,0,,0,1,0,0,2,2,1,2,0,2,2,1,0,0,0,2,nowelma01
472,Hunter Tyson,PF,23,DEN,7,0,18,1,4,0.25,0,3,0,1,1,1,0.25,0,0,,0,4,4,1,0,0,0,5,2,tysonhu01
473,Jalen Wilson,PF,23,BRK,3,0,11,1,2,0.5,0,0,,1,2,0.5,0.5,0,0,,1,1,2,0,0,1,0,0,2,wilsoja03
474,Kobe Bufkin,SG,20,ATL,2,0,4,0,3,0,0,1,0,0,2,0,0,1,2,0.5,1,1,2,0,0,0,0,0,1,bufkiko01
475,Dariq Whitehead,SF,19,BRK,1,0,3,0,0,,0,0,,0,0,,,1,2,0.5,0,0,0,0,0,1,0,0,1,whiteda01
476,Oscar Tshiebwe,PF,24,IND,1,0,6,0,1,0,0,0,,0,1,0,0,1,2,0.5,0,1,1,0,0,0,0,1,1,tshieos01
477,Ryan Arcidiacono,PG,29,NYK,6,0,13,0,1,0,0,1,0,0,0,,0,0,0,,0,3,3,1,1,0,0,0,0,arcidry01
478,Onuralp Bitim,SG,24,CHI,1,0,3,0,0,,0,0,,0,0,,,0,0,,0,0,0,0,0,0,0,0,0,bitimon01
479,Marques Bolden,C,25,MIL,1,0,3,0,0,,0,0,,0,0,,,0,0,,0,2,2,0,0,0,0,1,0,boldema01
480,Charlie Brown Jr.,SG,26,NYK,1,0,2,0,1,0,0,1,0,0,0,,0,0,0,,0,0,0,0,0,0,2,0,0,brownch02
481,Malcolm Cazalon,SG,22,DET,1,0,3,0,0,,0,0,,0,0,,,0,0,,0,0,0,0,0,0,0,0,0,cazalma01
482,Sidy Cissoko,SF,19,SAS,1,0,4,0,0,,0,0,,0,0,,,0,0,,0,0,0,0,0,0,1,0,0,cissosi01
483,Noah Clowney,PF,19,BRK,1,0,3,0,0,,0,0,,0,0,,,0,0,,0,1,1,0,0,0,0,0,0,clownno01
484,Kaiser Gates,SF,27,NOP,1,0,7,0,4,0,0,2,0,0,2,0,0,0,0,,0,1,1,0,0,0,0,0,0,gateska01
485,Danny Green,SG,36,PHI,2,0,18,0,2,0,0,1,0,0,1,0,0,0,0,,0,2,2,1,1,0,0,1,0,greenda02
486,Mouhamed Gueye,PF,21,ATL,2,0,4,0,1,0,0,1,0,0,0,,0,0,0,,0,0,0,0,1,0,0,1,0,gueyemo02
487,R.J. Hampton,PG,22,MIA,1,0,2,0,1,0,0,0,,0,1,0,0,0,0,,0,0,0,0,0,0,0,0,0,hamptrj01
488,Ron Harper Jr.,PF,23,TOR,1,0,4,0,0,,0,0,,0,0,,,0,0,,0,0,0,1,0,0,0,2,0,harpero02
489,Gregory Jackson II,PF,19,MEM,3,0,7,0,4,0,0,2,0,0,2,0,0,0,0,,1,2,3,0,1,0,1,0,0,jacksgg01
490,Keyontae Johnson,SF,23,OKC,1,0,6,0,1,0,0,0,,0,1,0,0,0,0,,0,0,0,0,0,0,0,0,0,johnske08
491,Wendell Moore Jr.,SG,22,MIN,3,0,7,0,2,0,0,2,0,0,0,,0,0,0,,0,1,1,1,0,0,0,0,0,moorewe01
492,Jerome Robinson,SG,26,GSW,1,0,5,0,2,0,0,0,,0,2,0,0,0,0,,1,1,2,0,0,0,0,0,0,robinje01
493,Brice Sensabaugh,SF,20,UTA,1,0,2,0,2,0,0,0,,0,2,0,0,0,0,,1,1,2,0,0,0,0,0,0,sensabr01
494,Jacob Toppin,SF,23,NYK,1,0,2,0,0,,0,0,,0,0,,,0,0,,0,0,0,0,0,1,0,0,0,toppija01
495,Ish Wainright,SF,29,POR,2,0,5,0,1,0,0,1,0,0,0,,0,0,0,,0,0,0,0,1,0,0,1,0,wainris01
496,Lindell Wigginton,PG,25,MIL,1,0,2,0,1,0,0,1,0,0,0,,0,0,0,,0,0,0,0,0,0,1,1,0,wiggili01